"1","Tenetur numquam esse quia numquam qui. Veritatis ex ut minus harum harum. Omnis aut officia dolorem at reiciendis. Neque non voluptatem quis sunt.","1971-07-04 08:55:35","0",
"2","Cum fugiat sit rerum laboriosam eos totam. Et fugit dicta sit doloremque qui ut. Autem temporibus rerum iusto numquam non est. Libero facere et quam est ut corporis distinctio.","1999-07-13 09:09:43","0",
"3","Ipsa molestiae voluptatibus soluta quidem tempore. Reiciendis et dolorum at earum quasi accusamus impedit quia. Voluptatibus dolores sit qui voluptatum temporibus id. Facere eligendi et ut enim et unde. Aspernatur placeat quisquam laborum aperiam.","1994-01-30 02:27:04","0",
"4","Nihil accusamus eum nulla ipsam est dolores et. Et illo mollitia et atque.","1999-01-11 16:35:52","0",
"5","Dolor doloribus ut rem nesciunt officiis sunt. Nemo odio voluptatum porro nostrum excepturi. Qui reprehenderit ipsa nesciunt consequatur. Est consequuntur omnis culpa sit iusto facilis. Velit sed impedit aut iusto quia natus qui.","1990-10-04 02:18:48","0",
"6","Molestias ut repellat quaerat nam qui aut. Incidunt non quas qui quis exercitationem pariatur. Tempore vel eos velit et aut.","2005-06-26 06:30:16","0",
"7","Laudantium sunt laboriosam maxime perspiciatis. Harum reiciendis earum iure sed odit. Numquam corporis error rerum. Quos veniam eaque rem consequuntur adipisci. Repellat assumenda repellat ut cumque possimus iste.","2004-09-15 20:19:05","0",
"8","Itaque qui culpa error recusandae pariatur modi. Ex non enim sunt odit perspiciatis sed consectetur. Earum velit quo est aut id animi.","2006-01-03 13:28:03","0",
"9","Ea ratione quos et a. Et culpa voluptas dolore porro et voluptatem qui. Aut neque neque fugit ut totam culpa.","1987-04-10 13:16:32","0",
"10","Nemo sit sit porro qui quia autem nostrum. Dolores fugiat exercitationem quod facilis vitae numquam. Sit reprehenderit earum sunt. Consequatur odit cumque ut quia quidem est aut iste.","2018-11-20 18:37:04","0",
"11","Aliquam beatae dignissimos illum at explicabo aut sequi. Molestiae aut quis quae numquam maiores libero minima hic. Sit saepe quo quia aperiam ut sit vitae. Aut assumenda non libero in odit veritatis qui.","1970-12-02 20:37:28","0",
"12","Aut architecto quidem eum incidunt quos ullam. Consequuntur non soluta alias hic molestiae.","1982-05-28 07:36:50","0",
"13","Cumque quod sed sit at architecto corporis aperiam. Dolores et molestiae quidem deleniti non quam est. Totam dolor omnis minima omnis enim maxime eveniet.","1983-09-17 14:28:13","0",
"14","Nihil sit explicabo eum consequuntur. Quasi possimus ipsum aut minus nihil alias. Laudantium minima id minima. Explicabo aut sint quis nihil architecto.","1993-07-15 06:06:18","0",
"15","Iste facilis dolorum ut velit. Est rerum est et cum eos veritatis molestiae dolor. Eligendi atque a quis autem libero error sint.","1990-02-14 02:23:40","0",
"16","Dolorem sunt ut et fugit earum. Nobis et explicabo nemo ea modi aut ut. Eveniet et velit illo commodi ab ad ullam. Et ab dolorem voluptatum nam.","1995-03-23 15:57:44","0",
"17","Rerum ut sit distinctio facere necessitatibus. Dicta nostrum et odio illo quas ipsa. Cupiditate praesentium molestias eveniet eius. Pariatur vero quis possimus ut et.","2009-12-21 19:22:29","0",
"18","Distinctio molestiae et quia itaque est quibusdam repellat. Impedit illo adipisci ut quas tenetur quia. Et ut optio distinctio quod fugiat.","1971-09-15 11:17:49","0",
"19","Consequuntur est voluptatem explicabo sed veritatis. Sunt ratione exercitationem deleniti dolorem. Dolore numquam amet voluptatem maiores soluta exercitationem assumenda. Fugiat praesentium dolor atque mollitia vero.","1974-02-24 04:36:30","0",
"20","Esse temporibus rerum laborum magnam accusantium optio. Ea et sit ut accusantium labore. Minima omnis est cumque consequatur. Repudiandae debitis sequi qui facilis nihil veniam.","2003-03-02 11:48:25","0",
"21","Possimus rerum qui voluptatum dicta. Vel et ab repellat maxime perferendis. Eligendi rerum fugiat cupiditate possimus aperiam aut rerum.","2001-08-11 14:29:47","0",
"22","Et ut ut labore possimus. Ea assumenda dolor facilis in temporibus ipsum. Quia repellat hic dolor ipsa eum ex iusto. Dolorum enim aut aut at consequatur nihil.","1976-06-07 06:16:10","0",
"23","Facere sit qui dicta est libero exercitationem magni sunt. Ipsum aliquid doloremque tenetur ut ducimus dolor quam aliquid. Qui corrupti voluptatem nobis nesciunt. Omnis qui hic delectus expedita.","1976-09-10 10:58:44","0",
"24","Quos ut ut ea qui eligendi. Dolorum maiores id laborum commodi. Et aut delectus rerum nihil sed. Ut cumque inventore est sapiente.","2011-01-08 16:33:56","0",
"25","Numquam quos beatae praesentium tempora qui sint dolores. Eveniet culpa dolorem delectus et veniam aut. Illo voluptatem ut doloribus ipsa.","2014-06-22 05:25:46","0",
"26","Molestiae harum dolores consectetur totam natus similique vitae. Maiores hic nihil et pariatur architecto reprehenderit laborum.","1993-08-01 07:45:41","0",
"27","Inventore voluptates totam ab perspiciatis molestiae nihil autem. Laudantium est quisquam libero rem veritatis est. Vitae et perferendis enim et. Adipisci velit doloremque earum laudantium fugiat.","2011-09-05 04:11:19","0",
"28","Tempora rerum tempore vel eum nihil sit fuga. Culpa at iure mollitia ducimus repellat reprehenderit et. Consectetur dolor labore sunt corporis consequatur facere corporis. Doloremque qui maxime corrupti aliquid repudiandae.","1984-02-26 10:47:53","0",
"29","Et autem aliquid aspernatur et. Praesentium sed praesentium recusandae non. Et accusamus ipsa consequatur et sapiente enim.","1986-11-01 14:12:26","0",
"30","Qui quasi delectus possimus delectus est quidem. Sapiente perspiciatis eum pariatur sapiente laborum neque. Eos quibusdam atque molestias consequatur. Est cumque occaecati dignissimos consectetur sunt quam eaque.","1972-04-28 05:33:52","0",
"31","Vero laborum tempora sint non. Rerum est rerum et assumenda.","1977-03-06 18:45:16","0",
"32","Et neque sit delectus dolorem est at iusto doloremque. Itaque voluptatem fugit at distinctio. Voluptas dolore molestiae officia voluptatem. Praesentium quaerat dolores nulla.","1985-08-25 06:30:31","0",
"33","Voluptas omnis quas dolor illum nostrum eligendi. Dolor id sapiente illum dolores. Qui assumenda et voluptate deserunt perspiciatis. Consequatur nostrum eveniet in alias.","2003-04-25 12:17:26","0",
"34","Veniam fugiat est rerum dolore aspernatur facilis et. Magnam deleniti dolores assumenda. Quia pariatur voluptatem sequi nam.","2003-08-09 02:56:58","0",
"35","Possimus quae maiores adipisci doloribus suscipit. Hic nulla qui hic molestiae laboriosam est tempore. Aut eum aliquam et sint. Odit veritatis laudantium explicabo rem cum deserunt vel.","1977-10-19 02:34:40","0",
"36","Deserunt sunt illo nesciunt. Quia quis qui quis et pariatur quis voluptas soluta. Similique saepe maiores repudiandae fugiat laborum dicta. Autem consequatur dolores officiis.","2010-04-27 04:02:56","0",
"37","Assumenda aliquid consectetur accusantium pariatur harum sed dolores qui. Molestiae sed quis delectus iure sunt. Aut temporibus nihil nihil et est vel doloremque.","1991-03-17 06:04:17","0",
"38","Voluptatibus optio impedit alias voluptatibus accusamus nostrum quo unde. Fugit tenetur quia nam animi. Est accusamus voluptate et aut quisquam. A quia necessitatibus nostrum.","1978-12-31 13:52:43","0",
"39","Maxime ipsam dolores velit cupiditate. Recusandae quia ut exercitationem ipsa nihil ut. Doloremque esse possimus sed id tenetur accusantium facilis. Non sed sit iure expedita.","1975-01-27 10:14:05","0",
"40","Et ut non eveniet facere consequuntur sed. Illo totam quam harum voluptatem aliquid vitae sed non. Veritatis enim fugiat optio voluptas exercitationem occaecati. Molestiae deleniti sed id fugiat et nisi aperiam. Occaecati optio commodi adipisci deserunt qui.","1994-09-11 07:24:30","0",
"41","Minus dignissimos soluta porro saepe tempore aut. Magnam sequi consequatur dolor sit eum incidunt et. Ratione aut earum exercitationem vero magni cumque et. Placeat harum excepturi assumenda.","1970-07-19 16:43:27","0",
"42","Qui voluptas enim at illo in maxime voluptates. Ipsam non quasi non consequatur est laborum eius. Velit aut et ut voluptatem quis autem.","1989-07-27 18:28:44","0",
"43","Nesciunt quod natus velit ratione qui. Quis quo earum voluptas quasi molestiae. Minima cum tempora eveniet perspiciatis.","1980-03-06 22:59:38","0",
"44","Eum libero expedita tempore at qui. Ut sed ab occaecati. Esse voluptatem voluptate ut molestiae nihil sunt. Sit nemo et quo aut eum numquam modi voluptatibus.","2003-04-04 10:09:51","0",
"45","Laudantium odio quasi sunt nihil non. Consequatur tempore deleniti quis sint sit eaque doloribus. Aliquid quo dicta facilis. In omnis ad recusandae placeat vitae libero.","1970-12-10 15:44:34","0",
"46","Omnis sapiente dicta non. Corporis magnam sequi labore nemo et quos. Consequatur ea molestiae veritatis expedita.","1989-09-30 23:06:20","0",
"47","Fugit maiores nihil et quasi est facilis illo. Et nihil quis distinctio ad nobis et sint. Aut doloremque in maiores repellendus atque.","1975-07-20 06:02:39","0",
"48","Laboriosam aut in numquam qui facere vero optio. Nihil nemo nisi ad in voluptatem culpa. Consequuntur excepturi et aut beatae. Accusamus quo optio quos velit est explicabo quis.","2018-09-30 05:07:09","0",
"49","Qui aut iste consequuntur quae. Nostrum rerum eligendi voluptatem nam quibusdam non. Eaque qui laudantium aut earum. Sint quisquam sed qui ratione dolorem facere qui tenetur. Facilis ut sequi voluptatem magnam molestiae reprehenderit.","1996-07-19 05:07:25","0",
"50","Id dolorem nisi nemo et optio. Eos tempore eos numquam consectetur nam quae. Facilis eligendi praesentium facere.","1994-02-09 09:59:31","0",
"51","Nesciunt nisi aut nobis sed dolor. Eum consequatur magnam sit et excepturi. Quo repellat mollitia occaecati autem sed eius ut.","1979-06-13 15:05:26","0",
"52","Porro quam aut rerum et aspernatur fuga. Aut pariatur nihil quo commodi dolore voluptas qui. Non dolore ipsum officia veniam dolorum sint dolor. Illo quia iure est ut totam.","1992-05-14 08:15:58","0",
"53","Sapiente quis est sit aliquid quia. Consequatur est id ut et neque doloremque. Eveniet corporis eveniet saepe quia nostrum repellat.","2009-09-16 12:28:04","0",
"54","Dolore ipsum libero omnis exercitationem. Aliquid earum cumque qui culpa amet nobis. Porro molestias dolorum animi doloremque odio soluta. Quia pariatur placeat rerum sapiente sit sit.","2002-03-06 16:43:42","0",
"55","Omnis quia voluptatum voluptate sint accusamus quia. Et nam et molestiae aut. Distinctio est in facilis vero nam autem fugit. Sunt ipsam dignissimos velit aperiam est.","2001-10-01 07:07:48","0",
"56","Magni rerum aut modi dolorem. Est exercitationem maiores ut et excepturi labore. Sequi veritatis explicabo numquam beatae quia quo explicabo. Harum molestias suscipit cupiditate aliquid aut. Atque magnam animi quia sed voluptas.","1973-06-11 03:50:42","0",
"57","Dignissimos labore unde minus inventore aut sed recusandae. At inventore dicta ipsum asperiores ullam enim. Possimus cumque harum qui quo. Est autem vel veniam accusamus consectetur tempora.","2009-09-25 09:36:41","0",
"58","Nam tenetur ea rerum voluptatum. Inventore quo expedita quia accusamus cum placeat. Vitae non neque commodi ducimus ipsa molestiae quis modi. Quis et aut non minus autem magnam.","2000-06-25 03:13:12","0",
"59","Quas ipsam similique quia in. Non tempora quam eos commodi vero repellat.","2000-05-06 04:33:51","0",
"60","Magnam voluptas soluta vel dolore cumque molestias voluptatem. Facere provident amet aut ducimus dolores. A debitis ex mollitia optio delectus quidem nihil. Sit quos esse tempore placeat.","2011-11-18 16:37:02","0",
"61","Quisquam impedit velit officiis. Exercitationem iure architecto repellat ex aliquid fuga possimus. Quam omnis quo aut error illo aut aut. Nesciunt voluptatem adipisci rerum nam quia rerum.","1986-04-22 06:30:05","0",
"62","Debitis atque modi velit rerum vero consequatur. Voluptatum occaecati rem nesciunt et et reprehenderit asperiores. Accusamus accusantium et assumenda. Deserunt animi fugiat eaque eligendi.","2011-01-03 00:44:26","0",
"63","Voluptatibus ea enim vel velit cumque. Eos magnam quaerat consequatur et molestias deserunt. Accusantium molestias dignissimos nam aut inventore et non.","1974-02-25 17:47:08","0",
"64","Eveniet iure et nihil nemo odio asperiores fugit iusto. Eligendi quidem totam voluptatem omnis id libero ipsa. Ullam quia quia quis iste.","1981-08-04 23:14:25","0",
"65","Enim doloremque aspernatur rerum architecto saepe enim doloribus. Deserunt libero eligendi qui aperiam quia tempora. Consectetur animi placeat ut alias sed nam. Rerum explicabo tempore iure animi sint magni.","1974-03-11 14:45:24","0",
"66","Ut et suscipit id molestiae consectetur ex ratione. Quia corrupti ut id soluta eveniet et accusantium. Unde doloribus et maiores architecto velit cumque ea. Autem et dolorem sapiente unde dolorum.","1982-12-27 14:01:01","0",
"67","In laudantium placeat quis illum aut magni nobis. Et voluptas quas et nam magnam ducimus. Nemo adipisci architecto sed molestiae. Vel ducimus sapiente dicta voluptatem eaque quis.","1975-04-09 18:41:44","0",
"68","Perferendis aliquam cupiditate dolorem et iste non nisi. Consequuntur atque esse quibusdam consectetur illo. Magnam eum ipsa eligendi repudiandae facilis.","2016-10-31 12:09:13","0",
"69","Ex inventore soluta dolorum quae. Id sequi animi ut ut ut aliquid. Quasi et exercitationem facere debitis esse.","2012-12-10 02:36:23","0",
"70","Iste est eaque quia non error et. Laudantium quis magni in ipsum et consequatur blanditiis. Odit sunt nobis sequi blanditiis facilis et id. Et aut aut praesentium ut aut ut aut nihil.","1976-12-05 01:35:49","0",
"71","Commodi ut natus rerum id eum. Ipsam tempora fugit non nihil. Ex consectetur accusantium saepe occaecati omnis perferendis. Cupiditate accusamus numquam nihil aut aliquam velit.","2007-05-31 20:38:36","0",
"72","Natus aspernatur rerum voluptas mollitia magni sit eum. Sunt deserunt ut aut laborum. Eum et ea omnis quo labore in. Reprehenderit et itaque natus quisquam.","1993-12-25 09:22:08","0",
"73","Quia at est enim reprehenderit. Aut error explicabo vel recusandae saepe qui.","1991-04-30 14:14:47","0",
"74","Dolores reiciendis explicabo sit voluptates dolores voluptatem ab. Laudantium esse recusandae exercitationem eius laudantium. Aut sed quia aliquid cumque libero cupiditate.","1993-07-19 16:07:31","0",
"75","Ad ex qui et. Et deleniti praesentium sit. Autem tempore soluta et. Sit sit ipsa officia beatae.","1986-06-02 22:22:48","0",
"76","Velit quibusdam molestiae quo excepturi. Quis eos fugiat et dolores culpa quos aliquam corporis. Omnis corporis veniam non quia.","1997-06-10 12:45:45","0",
"77","Temporibus quo aut nihil consequatur. Distinctio quisquam officia error. Non porro fugiat vel ut ea vel laborum.","2013-08-05 12:13:26","0",
"78","Dolores voluptatem minus quibusdam aut consequatur. Consequatur quia et et architecto perferendis sit. Voluptate harum molestias molestiae.","2000-02-19 04:36:05","0",
"79","Optio nihil autem quia architecto dolor. Dolor deleniti consequatur magni autem. Ea qui sit ut libero id.","2002-04-30 09:03:15","0",
"80","Atque excepturi quos incidunt quibusdam maxime necessitatibus dicta odio. Facilis consequuntur quasi reprehenderit aut minima accusantium. In sit suscipit aliquid id.","1981-12-25 08:20:23","0",
"81","Nobis exercitationem quaerat et ipsam. Perspiciatis ipsum dolores ipsum non inventore autem fugit. Nemo cumque corporis accusantium sunt optio quaerat tempore. Adipisci dolor laboriosam quaerat nemo dolores aut.","2004-02-29 08:53:09","0",
"82","Ab ut provident neque corporis recusandae ex reprehenderit assumenda. Quibusdam expedita quibusdam id eveniet nam.","2004-10-23 22:07:31","0",
"83","Ut dicta perferendis eveniet eum qui. Quam quia ad iste qui repellat tempora neque ut. Porro asperiores accusantium culpa non tenetur officiis ea. Dolore nesciunt et modi.","1977-07-31 21:13:57","0",
"84","Aperiam ipsum blanditiis hic dolores esse. Ea blanditiis deserunt voluptatem at pariatur consectetur voluptas natus.","1988-04-28 03:44:16","0",
"85","Ad ipsum deleniti repudiandae tempore. Nam sed non voluptatem et blanditiis qui aut. Sed vero eum rem quis asperiores. Excepturi eaque earum iure nam ullam praesentium repudiandae.","1983-02-21 09:45:08","0",
"86","Et ea voluptatibus minus. Nihil est aut voluptatem accusantium molestiae. Quia sunt ab est cum eveniet. Fugiat neque occaecati sed laudantium.","2013-09-03 21:08:50","0",
"87","Non nemo nemo consectetur. Exercitationem dignissimos magni dolores eaque rerum a ad. Neque aut molestiae tenetur.","1989-12-01 10:28:49","0",
"88","Alias est voluptatem dolor neque accusantium sed et eos. Blanditiis excepturi neque autem et rerum dolorum. Hic fugiat atque iure dolores eligendi a sit ipsa. Numquam at molestias iure vel consequuntur ut.","2017-03-07 00:29:54","0",
"89","Velit et est animi voluptatem id perspiciatis. Sit dolor consequatur possimus repudiandae ad. Sunt minus et molestias dolorem repellendus. Sed numquam nostrum nihil veritatis ut minus.","1972-12-22 08:37:10","0",
"90","Dolorem tenetur asperiores recusandae et voluptas et. Est explicabo qui sint. Autem eos consequuntur consequatur minima.","1982-02-21 13:13:06","0",
"91","Consequuntur culpa laudantium eveniet aut rerum natus quia sequi. Nihil quod ipsam temporibus voluptatem. Voluptas vero ut vel qui nihil.","1972-05-24 14:55:24","0",
"92","Excepturi et aspernatur et et est. Nam eaque odio optio deserunt quas nisi. Consectetur nesciunt doloribus aut.","2012-02-26 10:12:45","0",
"93","In enim qui quibusdam voluptas illo ipsa ut. Dolores minus ut sed. Iusto error suscipit ratione qui illo.","1999-07-02 10:23:28","0",
"94","Quia magni nesciunt aut voluptate. Et pariatur sint laborum qui molestiae consequatur. Commodi consequuntur eos iste natus.","1981-06-21 21:30:40","0",
"95","Blanditiis amet animi et et fugit consequatur. Voluptatem et aspernatur reprehenderit adipisci. Dicta quia enim sit commodi sit et. Autem enim explicabo dolorum.","1987-09-29 20:37:16","0",
"96","Sunt quia eos enim in. Aut minima deleniti nihil maxime accusantium praesentium. Dolorum voluptates magnam qui suscipit. Et beatae incidunt porro et magnam. Sed blanditiis ad id corporis.","1977-08-07 15:21:13","0",
"97","Eaque fuga sint ducimus qui. Rerum deserunt expedita itaque dolorem. Laborum ab occaecati perferendis delectus. Cupiditate nihil commodi ab corrupti at.","1982-03-15 06:03:11","0",
"98","Et et aperiam et incidunt ut voluptatem voluptatem. Et sint est quo fugiat qui. Quis possimus fugit non maiores.","2009-02-07 02:11:23","0",
"99","Dolores voluptas quidem reiciendis. Dolores assumenda sed est aut vero consequatur. Harum unde magnam dolorum assumenda velit molestiae est.","2005-08-18 11:58:08","0",
"100","Excepturi vero omnis error ipsa quam. Dolores sed iste velit consectetur veritatis et veritatis. Iste facere aut eaque.","2018-07-30 06:12:12","0",
